[
  {
    "first_name": "Cassio",
    "last_name": "Zen",
    "email": "cassiozen@gmail.com",
    "phone_no": "7063279121"
  },
  {
    "first_name": "Dan",
    "last_name": "Abramov",
    "email": "gaearon@somewhere.com",
    "phone_no": "9971792703"
  },
  {
    "first_name": "Pete",
    "last_name": "Hunt",
    "email": "floydophone@somewhere.com",
    "phone_no": "9971792703"
  },
  {
    "first_name": "Paul",
    "last_name": "O’Shannessy",
    "email": "zpao@somewhere.com",
    "phone_no": "9971792703"
  },
  {
    "first_name": "Ryan",
    "last_name": "Florence",
    "email": "rpflorence@somewhere.com",
    "phone_no": "9971792703"
  },
  {
    "first_name": "Sebastian",
    "last_name": "Markbage",
    "email": "sebmarkbage@here.com",
    "phone_no": "9971792703"
  },
  {
    "first_name": "Rishab",
    "last_name": "Zen",
    "email": "cassiozen@gmail.com",
    "phone_no": "9654574542"
  },
  {
    "first_name": "Ankita",
    "last_name": "Abramov",
    "email": "gaearon@somewhere.com",
    "phone_no": "9971792703"
  },
  {
    "first_name": "Anil",
    "last_name": "Hunt",
    "email": "floydophone@somewhere.com",
    "phone_no": "9971792703"
  },
  {
    "first_name": "Jinitha paul",
    "last_name": "O’Shannessy",
    "email": "zpao@somewhere.com",
    "phone_no": "9971792703"
  },
  {
    "first_name": "Gayathri",
    "last_name": "Florence",
    "email": "rpflorence@somewhere.com",
    "phone_no": "9971792703"
  },
  {
    "first_name": "Nitish",
    "last_name": "Markbage",
    "email": "sebmarkbage@here.com",
    "phone_no": "9971792703"
  },
  {
    "first_name": "Abhay",
    "last_name": "Zen",
    "email": "cassiozen@gmail.com",
    "phone_no": "9971792703"
  },
  {
    "first_name": "Kamlesh",
    "last_name": "Abramov",
    "email": "gaearon@somewhere.com",
    "phone_no": "9971792703"
  },
  {
    "first_name": "Modi",
    "last_name": "Hunt",
    "email": "floydophone@somewhere.com",
    "phone_no": "9971792703"
  },
  {
    "first_name": "Kisan",
    "last_name": "O’Shannessy",
    "email": "zpao@somewhere.com",
    "phone_no": "9971792703"
  },
  {
    "first_name": "Blu",
    "last_name": "Florence",
    "email": "rpflorence@somewhere.com",
    "phone_no": "9971792703"
  },
  {
    "first_name": "Karina",
    "last_name": "Markbage",
    "email": "sebmarkbage@here.com",
    "phone_no": "9971792703"
  }
]